Miss_percent,Col_index
0.585728952772074,3
0.609856262833676,4
0.613963039014374,2
0.617898699520876,7
0.636892539356605,1
0.648357289527721,6
0.704654346338125,5
0.820499657768652,8
